fpr,tpr,threshold
0.0,0.0,inf
0.0,0.013513513513513514,0.99984944
0.0,0.22972972972972974,0.99973613
0.0,0.25675675675675674,0.9997216
0.0,0.28378378378378377,0.9997168
2.347142354183781e-05,0.28378378378378377,0.9997081
2.347142354183781e-05,0.40540540540540543,0.9996511
2.347142354183781e-05,0.43243243243243246,0.9996501
2.347142354183781e-05,0.47297297297297297,0.9996183
2.347142354183781e-05,0.5,0.99960476
2.347142354183781e-05,0.5135135135135135,0.99960417
2.347142354183781e-05,0.5405405405405406,0.99959904
2.347142354183781e-05,0.7702702702702703,0.99459755
0.00011735711770918906,0.7702702702702703,0.9878429
0.00011735711770918906,0.7837837837837838,0.9866666
0.00025818565896021595,0.7837837837837838,0.9036673
0.00025818565896021595,0.7972972972972973,0.9017031
0.00028165708250205374,0.7972972972972973,0.8989765
0.00028165708250205374,0.8108108108108109,0.8877765
0.0004928998943785941,0.8108108108108109,0.83153355
0.0004928998943785941,0.8243243243243243,0.8265327
0.0011500997535500528,0.8243243243243243,0.6827182
0.0011970426006337285,0.8243243243243243,0.6644864
0.002135899542307241,0.8243243243243243,0.5402073
0.002135899542307241,0.8378378378378378,0.53978187
0.007581269804013613,0.8378378378378378,0.21436676
0.0076282126510972895,0.8378378378378378,0.21339212
0.009200798028400422,0.8378378378378378,0.17295761
0.009200798028400422,0.8513513513513513,0.17258258
0.009740640769862693,0.8513513513513513,0.16554694
0.009787583616946368,0.8513513513513513,0.16483063
0.013988968430935337,0.8513513513513513,0.10932277
0.014035911278019012,0.8513513513513513,0.109183855
0.015491139537612957,0.8513513513513513,0.09632498
0.015538082384696632,0.8513513513513513,0.09626535
0.015631968078863984,0.8513513513513513,0.095741324
0.01567891092594766,0.8513513513513513,0.095333345
0.017345381997418145,0.8513513513513513,0.083657704
0.017345381997418145,0.8648648648648649,0.0835526
0.02124163830536322,0.8648648648648649,0.06571888
0.021288581152446896,0.8648648648648649,0.065657295
0.023706137777256192,0.8648648648648649,0.058652904
0.023706137777256192,0.8783783783783784,0.058647826
0.024480694754136837,0.8783783783783784,0.05648485
0.024527637601220512,0.8783783783783784,0.05644532
0.029128036615420724,0.8783783783783784,0.046633672
0.0291749794625044,0.8783783783783784,0.04662461
0.031099636192935102,0.8783783783783784,0.043232765
0.031099636192935102,0.8918918918918919,0.04316472
0.03450299260650158,0.8918918918918919,0.038899902
0.034549935453585257,0.8918918918918919,0.03889099
0.034643821147752614,0.8918918918918919,0.038751762
0.03469076399483629,0.8918918918918919,0.038741525
0.03976059147987326,0.8918918918918919,0.033354778
0.03980753432695693,0.8918918918918919,0.033326216
0.040089191409458984,0.8918918918918919,0.0329893
0.04013613425654266,0.8918918918918919,0.032940075
0.041591362516136605,0.8918918918918919,0.03154051
0.04163830536322028,0.8918918918918919,0.031483106
0.046473418612838865,0.8918918918918919,0.027875232
0.04652036145992255,0.8918918918918919,0.027873473
0.047999061143058325,0.8918918918918919,0.026827028
0.048046003990142,0.8918918918918919,0.026819112
0.05250557446309119,0.8918918918918919,0.024043499
0.052552517310174865,0.8918918918918919,0.024040157
0.054852716817274966,0.8918918918918919,0.02299612
0.054852716817274966,0.9054054054054054,0.02298902
0.05621405938270156,0.9054054054054054,0.022374162
0.05626100222978524,0.9054054054054054,0.022361826
0.05738763055979345,0.9054054054054054,0.02190344
0.057434573406877125,0.9054054054054054,0.021902846
0.059147987325431285,0.9054054054054054,0.02112352
0.05919493017251496,0.9054054054054054,0.021120967
0.0646168290106795,0.9054054054054054,0.019042578
0.06466377185776317,0.9054054054054054,0.019033441
0.06534444314047647,0.9054054054054054,0.018803464
0.06539138598756014,0.9054054054054054,0.01879401
0.0667292571294449,0.9054054054054054,0.018321909
0.06677619997652857,0.9054054054054054,0.018320905
0.06881821382466846,0.9054054054054054,0.017539926
0.06886515667175214,0.9054054054054054,0.017537272
0.06935805656613074,0.9054054054054054,0.017420704
0.06940499941321442,0.9054054054054054,0.017404467
0.0745452411688769,0.9054054054054054,0.015717652
0.07459218401596057,0.9054054054054054,0.015707962
0.08116418260767516,0.9054054054054054,0.014187744
0.08121112545475884,0.9054054054054054,0.014180596
0.08165708250205375,0.9054054054054054,0.01407476
0.08170402534913743,0.9054054054054054,0.014060526
0.0823142823612252,0.9054054054054054,0.013973681
0.08236122520830888,0.9054054054054054,0.01396689
0.08419199624457223,0.9054054054054054,0.013560842
0.0842389390916559,0.9054054054054054,0.013560318
0.08585846731604271,0.9054054054054054,0.013229045
0.08590541016312639,0.9054054054054054,0.013227271
0.08592888158666823,0.9054054054054054,0.013225466
0.0859758244337519,0.9054054054054054,0.013223868
0.08609318155146109,0.9054054054054054,0.013201827
0.08614012439854477,0.9054054054054054,0.013196505
0.08851073817627039,0.9054054054054054,0.012708228
0.08855768102335407,0.9054054054054054,0.012693668
0.09071705198920314,0.9054054054054054,0.0122385025
0.09078746625982866,0.9054054054054054,0.012234439
0.0911864804600399,0.9054054054054054,0.012128759
0.09123342330712357,0.9054054054054054,0.012123419
0.09423776552047881,0.9054054054054054,0.011612008
0.09428470836756249,0.9054054054054054,0.011611653
0.0955286938152799,0.9054054054054054,0.01142369
0.09557563666236357,0.9054054054054054,0.011417343
0.10125572115948832,0.9054054054054054,0.010696528
0.101302664006572,0.9054054054054054,0.010694843
0.1035324492430466,0.9054054054054054,0.010390476
0.10357939209013027,0.9054054054054054,0.01038707
0.10364980636075578,0.9054054054054054,0.010381478
0.10374369205492313,0.9054054054054054,0.010379117
0.10505809177326605,0.9054054054054054,0.010181563
0.10510503462034973,0.9054054054054054,0.010175141
0.10820326252787231,0.9054054054054054,0.009779668
0.10825020537495599,0.9054054054054054,0.009776543
0.10932989085788053,0.9054054054054054,0.009679509
0.10940030512850604,0.9054054054054054,0.009677123
0.11313226147165825,0.9054054054054054,0.009266591
0.11320267574228376,0.9054054054054054,0.009261662
0.11348433282478583,0.9054054054054054,0.0092275785
0.1135312756718695,0.9054054054054054,0.009219639
0.11585494660251144,0.9054054054054054,0.008981616
0.11590188944959512,0.9054054054054054,0.008980403
0.1165121464616829,0.9054054054054054,0.008899827
0.11655908930876657,0.9054054054054054,0.008899524
0.11965731721628917,0.9054054054054054,0.008582024
0.11970426006337284,0.9054054054054054,0.008578884
0.12010327426358408,0.9054054054054054,0.008555527
0.12015021711066776,0.9054054054054054,0.008554807
0.12242694519422603,0.9054054054054054,0.008317572
0.12252083088839338,0.9054054054054054,0.008315582
0.12266165942964441,0.9054054054054054,0.008304512
0.12275554512381176,0.9054054054054054,0.008298389
0.12303720220631381,0.9054054054054054,0.008265783
0.12308414505339749,0.9054054054054054,0.008265178
0.12536087313695576,0.9054054054054054,0.008069637
0.12540781598403944,0.9054054054054054,0.008069526
0.12571294449008333,0.9054054054054054,0.008046692
0.125759887337167,0.9054054054054054,0.008044488
0.12878770097406408,0.9054054054054054,0.007792863
0.12883464382114776,0.9054054054054054,0.007790423
0.13113484332824785,0.9054054054054054,0.007579931
0.13118178617533152,0.9054054054054054,0.0075790808
0.13205022884637954,0.9054054054054054,0.007511061
0.13209717169346322,0.9054054054054054,0.00751078
0.1323318859288816,0.9054054054054054,0.007495646
0.13237882877596527,0.9054054054054054,0.007495387
0.13324727144701326,0.9054054054054054,0.0074396287
0.13329421429409694,0.9054054054054054,0.0074391775
0.13505457105973478,0.9054054054054054,0.007303124
0.13510151390681846,0.9054054054054054,0.0072990106
0.1356178852247389,0.9054054054054054,0.0072503667
0.13566482807182256,0.9054054054054054,0.0072462047
0.13996009857997888,0.9054054054054054,0.006931991
0.13996009857997888,0.918918918918919,0.006931784
0.14179086961624224,0.918918918918919,0.006805346
0.1418378124633259,0.918918918918919,0.00680232
0.1461096115479404,0.918918918918919,0.006485857
0.14615655439502406,0.918918918918919,0.0064857216
0.14709541133669757,0.918918918918919,0.006416626
0.14718929703086492,0.918918918918919,0.0064156256
0.14737706841919962,0.918918918918919,0.00640634
0.1474240112662833,0.918918918918919,0.006404583
0.1507804248327661,0.918918918918919,0.0061548934
0.15085083910339162,0.918918918918919,0.0061544473
0.1541368383992489,0.918918918918919,0.0059619364
0.15418378124633259,0.918918918918919,0.005961447
0.15430113836404177,0.918918918918919,0.005953569
0.15434808121112545,0.918918918918919,0.005953154
0.15547470954113368,0.918918918918919,0.005902946
0.15552165238821736,0.918918918918919,0.005902742
0.15789226616594296,0.918918918918919,0.005777939
0.15793920901302663,0.918918918918919,0.005773958
0.1598403943199155,0.918918918918919,0.0056814575
0.15988733716699918,0.918918918918919,0.00568107
0.16113132261471658,0.918918918918919,0.005609342
0.16117826546180025,0.918918918918919,0.005606914
0.162375308062434,0.918918918918919,0.0055377167
0.16242225090951767,0.918918918918919,0.0055364063
0.16378359347494426,0.918918918918919,0.005485683
0.16383053632202793,0.918918918918919,0.0054853554
0.16390095059265344,0.918918918918919,0.0054819123
0.16394789343973712,0.918918918918919,0.0054815435
0.16467550756953409,0.918918918918919,0.005446869
0.16472245041661776,0.918918918918919,0.0054460247
0.1649336932284943,0.918918918918919,0.005433317
0.16498063607557797,0.918918918918919,0.0054323175
0.16627156437037907,0.918918918918919,0.0053606867
0.16631850721746275,0.918918918918919,0.0053595556
0.16779720690059852,0.918918918918919,0.005295137
0.1678441497476822,0.918918918918919,0.0052948133
0.1680319211360169,0.918918918918919,0.005288732
0.16812580683018424,0.918918918918919,0.005287455
0.17009740640769863,0.918918918918919,0.005191685
0.1701443492547823,0.918918918918919,0.0051908577
0.17171693463208543,0.918918918918919,0.0051023494
0.1717638774791691,0.918918918918919,0.0051022554
0.17328952000938858,0.918918918918919,0.0050156764
0.17333646285647225,0.918918918918919,0.005013863
0.17366506278605798,0.918918918918919,0.00499842
0.17371200563314165,0.918918918918919,0.004997865
0.17389977702147635,0.918918918918919,0.0049835937
0.17394671986856003,0.918918918918919,0.0049834447
0.17666940499941322,0.918918918918919,0.004887381
0.1767163478464969,0.918918918918919,0.0048862635
0.17683370496420608,0.918918918918919,0.004881668
0.17688064781128976,0.918918918918919,0.004881235
0.17936861870672458,0.918918918918919,0.004781612
0.17941556155380825,0.918918918918919,0.0047793463
0.1804483041896491,0.918918918918919,0.004721638
0.18049524703673278,0.918918918918919,0.004721595
0.1811289754723624,0.918918918918919,0.0046929703
0.1811289754723624,0.9324324324324325,0.0046927673
0.18209130383757774,0.9324324324324325,0.0046565332
0.18213824668466141,0.9324324324324325,0.0046560424
0.183358760708837,0.9324324324324325,0.004597417
0.18340570355592067,0.9324324324324325,0.0045969873
0.184227203379885,0.9324324324324325,0.0045551537
0.18427414622696867,0.9324324324324325,0.004554194
0.18474357469780542,0.9324324324324325,0.0045373333
0.18474357469780542,0.9459459459459459,0.004537023
0.18856941673512498,0.9459459459459459,0.0043820892
0.18861635958220865,0.9459459459459459,0.004381411
0.18878065954700152,0.9459459459459459,0.004374795
0.1888276023940852,0.9459459459459459,0.0043746373
0.18986034502992608,0.9459459459459459,0.0043424913
0.18990728787700975,0.9459459459459459,0.004342347
0.1919962445722333,0.9459459459459459,0.0042596157
0.19204318741931697,0.9459459459459459,0.004259561
0.194789343973712,0.9459459459459459,0.0041728374
0.19483628682079568,0.9459459459459459,0.0041725794
0.19697218636310293,0.9459459459459459,0.004105669
0.19706607205727028,0.9459459459459459,0.0041049807
0.19708954348081212,0.9459459459459459,0.0041049416
0.1971364863278958,0.9459459459459459,0.0041045793
0.1985213003168642,0.9459459459459459,0.0040606274
0.1985682431639479,0.9459459459459459,0.0040601976
0.1986386574345734,0.9459459459459459,0.004058609
0.19868560028165708,0.9459459459459459,0.0040573482
0.20053984274146228,0.9459459459459459,0.0039978507
0.20058678558854595,0.9459459459459459,0.0039973496
0.20246449947189296,0.9459459459459459,0.0039349454
0.20251144231897664,0.9459459459459459,0.003934833
0.2046473418612839,0.9459459459459459,0.0038809967
0.20469428470836756,0.9459459459459459,0.0038808968
0.20610257012087782,0.9459459459459459,0.0038415308
0.2061495129679615,0.9459459459459459,0.0038413173
0.20643117005046355,0.9459459459459459,0.0038301924
0.20647811289754722,0.9459459459459459,0.0038294082
0.20948245511090247,0.9459459459459459,0.0037429107
0.20952939795798614,0.9459459459459459,0.0037428131
0.21194695458279544,0.9459459459459459,0.003680647
0.21199389742987912,0.9459459459459459,0.0036797884
0.21391855416030983,0.9459459459459459,0.003632423
0.2139654970073935,0.9459459459459459,0.0036313047
0.21504518249031804,0.9459459459459459,0.0036019767
0.2150921253374017,0.9459459459459459,0.0036011008
0.216641239291163,0.9459459459459459,0.0035681396
0.21668818213824667,0.9459459459459459,0.0035680246
0.22039666705785707,0.9459459459459459,0.0034748225
0.22044360990494075,0.9459459459459459,0.0034740153
0.22201619528224387,0.9459459459459459,0.0034443242
0.22206313812932754,0.9459459459459459,0.0034435012
0.2233540664241286,0.9459459459459459,0.0034093796
0.22342448069475412,0.9459459459459459,0.0034083542
0.22405820913038377,0.9459459459459459,0.0033942629
0.22410515197746744,0.9459459459459459,0.0033940242
0.22452763760122052,0.9459459459459459,0.0033834954
0.2245745804483042,0.9459459459459459,0.0033819086
0.22595939443727261,0.9459459459459459,0.003353329
0.2260063372843563,0.9459459459459459,0.0033529766
0.22795446543832884,0.9459459459459459,0.0033078524
0.22800140828541252,0.9459459459459459,0.0033070366
0.23055979345147284,0.9459459459459459,0.0032428596
0.23060673629855652,0.9459459459459459,0.0032413693
0.24100457692759067,0.9459459459459459,0.0030024855
0.24105151977467434,0.9459459459459459,0.0030020284
0.24123929116300905,0.9459459459459459,0.0030003279
0.24128623401009272,0.9459459459459459,0.0030003265
0.2448069475413684,0.9459459459459459,0.0029248747
0.24485389038845207,0.9459459459459459,0.002924865
0.24663771857763173,0.9459459459459459,0.0028873794
0.2466846614247154,0.9459459459459459,0.0028871228
0.24750616124867975,0.9459459459459459,0.0028738219
0.24755310409576342,0.9459459459459459,0.0028726072
0.2486562610022298,0.9459459459459459,0.002855248
0.2487266752728553,0.9459459459459459,0.0028542234
0.250651332003286,0.9459459459459459,0.002811479
0.2507217462739115,0.9459459459459459,0.002811217
0.2511442318976646,0.9459459459459459,0.0028046253
0.2511911747447483,0.9459459459459459,0.0028037294
0.25942964440793337,0.9459459459459459,0.0026572328
0.25947658725501704,0.9459459459459459,0.0026569308
0.2611430583264875,0.9459459459459459,0.002623827
0.2611430583264875,0.9594594594594594,0.0026235152
0.2624105151977467,0.9594594594594594,0.0026083123
0.2624574580448304,0.9594594594594594,0.002607971
0.26508625748151626,0.9594594594594594,0.002560279
0.26513320032859994,0.9594594594594594,0.0025597457
0.2688416852482103,0.9594594594594594,0.0024963133
0.26888862809529396,0.9594594594594594,0.0024956935
0.27135312756718694,0.9594594594594594,0.0024523258
0.2714000704142706,0.9594594594594594,0.0024518045
0.2715174275319798,0.9594594594594594,0.0024501535
0.2715643703790635,0.9594594594594594,0.0024497397
0.27203379884990025,0.9594594594594594,0.0024435786
0.27208074169698393,0.9594594594594594,0.0024435194
0.27299612721511557,0.9594594594594594,0.0024265724
0.2730665414857411,0.9594594594594594,0.0024261777
0.273230841450534,0.9594594594594594,0.0024229253
0.2733012557211595,0.9594594594594594,0.0024226557
0.27503814106325547,0.9594594594594594,0.0023950543
0.27508508391033915,0.9594594594594594,0.002394765
0.2766107264405586,0.9594594594594594,0.00237412
0.2766576692876423,0.9594594594594594,0.0023738795
0.2814927825372609,0.9594594594594594,0.0022950189
0.28158666823142825,0.9594594594594594,0.0022936622
0.281915268161014,0.9594594594594594,0.002287849
0.28196221100809765,0.9594594594594594,0.0022875085
0.2822673395141415,0.9594594594594594,0.0022835657
0.2823142823612252,0.9594594594594594,0.0022821506
0.28233775378476705,0.9594594594594594,0.0022820833
0.28238469663185073,0.9594594594594594,0.002282081
0.28257246802018543,0.9594594594594594,0.0022802134
0.2826194108672691,0.9594594594594594,0.0022799606
0.2852247388804131,0.9594594594594594,0.002242612
0.2852951531510386,0.9594594594594594,0.0022422823
0.2860227672808356,0.9594594594594594,0.00223276
0.28606971012791926,0.9594594594594594,0.0022326007
0.29158549466025113,0.9594594594594594,0.0021641098
0.2916324375073348,0.9594594594594594,0.0021640984
0.2937918084731839,0.9594594594594594,0.0021380098
0.2938387513202676,0.9594594594594594,0.002137896
0.2974298791221688,0.9594594594594594,0.0020940227
0.29747682196925246,0.9594594594594594,0.0020937198
0.3002699213707311,0.9594594594594594,0.0020581314
0.30034033564135665,0.9594594594594594,0.0020580746
0.3012322497359465,0.9594594594594594,0.0020448586
0.30127919258303015,0.9594594594594594,0.0020444987
0.3040018777138834,0.9594594594594594,0.0020110023
0.30404882056096705,0.9594594594594594,0.002010521
0.30724093416265696,0.9594594594594594,0.0019691705
0.30728787700974064,0.9594594594594594,0.0019689314
0.3092125337401713,0.9594594594594594,0.0019471035
0.309259476587255,0.9594594594594594,0.0019469925
0.3128036615420725,0.9594594594594594,0.0019075613
0.3128506043891562,0.9594594594594594,0.0019074478
0.3141415326839573,0.9594594594594594,0.001895516
0.31418847553104096,0.9594594594594594,0.0018955148
0.31472831827250325,0.9594594594594594,0.0018886046
0.3147752611195869,0.9594594594594594,0.001888432
0.3152212181668818,0.9594594594594594,0.001884415
0.3152681610139655,0.9594594594594594,0.0018842384
0.3163243750733482,0.9594594594594594,0.0018732116
0.3163713179204319,0.9594594594594594,0.0018723514
0.31853068888628094,0.9594594594594594,0.0018466894
0.3185776317333646,0.9594594594594594,0.001846612
0.31963384579274734,0.9594594594594594,0.0018368957
0.319680788639831,0.9594594594594594,0.0018363966
0.3212299025935923,0.9594594594594594,0.0018230592
0.321276845440676,0.9594594594594594,0.0018229593
0.32219223095880767,0.9594594594594594,0.0018128295
0.32226264522943315,0.9594594594594594,0.0018126045
0.32381175918319444,0.9594594594594594,0.0017947142
0.3238587020302781,0.9594594594594594,0.0017946997
0.3251965731721629,0.9594594594594594,0.0017806318
0.32524351601924656,0.9594594594594594,0.0017803014
0.3266987442788405,0.9594594594594594,0.0017670996
0.32674568712592417,0.9594594594594594,0.0017668222
0.32766107264405586,0.9594594594594594,0.001757473
0.3277314869146814,0.9594594594594594,0.0017573199
0.32822438680905996,0.9594594594594594,0.0017522657
0.32827132965614364,0.9594594594594594,0.0017511643
0.3294449008332355,0.9594594594594594,0.0017370493
0.3294918436803192,0.9594594594594594,0.0017365995
0.33101748621053867,0.9594594594594594,0.001724523
0.33106442905762234,0.9594594594594594,0.0017242997
0.33261354301138363,0.9594594594594594,0.0017094819
0.33268395728200917,0.9594594594594594,0.0017090889
0.3343973712005633,0.9594594594594594,0.0016940701
0.33444431404764696,0.9594594594594594,0.0016939637
0.3348198568243164,0.9594594594594594,0.0016893897
0.3348667996714001,0.9594594594594594,0.001689376
0.3353831709893205,0.9594594594594594,0.0016853854
0.3354301138364042,0.9594594594594594,0.0016851262
0.3358291280366154,0.9594594594594594,0.0016816021
0.3358760708836991,0.9594594594594594,0.0016809801
0.33704964206079097,0.9594594594594594,0.0016717368
0.3371200563314165,0.9594594594594594,0.0016717168
0.3393967844149748,0.9594594594594594,0.0016519253
0.33944372726205846,0.9594594594594594,0.0016516895
0.3395610843797676,0.9594594594594594,0.0016492091
0.3396080272268513,0.9594594594594594,0.0016491705
0.34007745569768805,0.9594594594594594,0.0016467151
0.3401243985447717,0.9594594594594594,0.0016466108
0.3431522121816688,0.9594594594594594,0.0016239277
0.3431991550287525,0.9594594594594594,0.0016238025
0.34533505457105973,0.9594594594594594,0.0016013867
0.3453819974181434,0.9594594594594594,0.00160119
0.3478230254664945,0.9594594594594594,0.0015810851
0.3478699683135782,0.9594594594594594,0.0015809701
0.3481516253960803,0.9594594594594594,0.0015778932
0.348198568243164,0.9594594594594594,0.0015776993
0.34918436803192116,0.9594594594594594,0.0015690074
0.34923131087900483,0.9594594594594594,0.0015689699
0.34925478230254664,0.9594594594594594,0.0015688513
0.3493017251496303,0.9594594594594594,0.0015687003
0.34937213942025586,0.9594594594594594,0.0015684786
0.34941908226733953,0.9594594594594594,0.0015684734
0.350217110667762,0.9594594594594594,0.0015629824
0.3502640535148457,0.9594594594594594,0.0015622296
0.35124985330360287,0.9594594594594594,0.0015552901
0.35132026757422835,0.9594594594594594,0.0015550954
0.35359699565778663,0.9594594594594594,0.0015365112
0.3536439385048703,0.9594594594594594,0.00153649
0.354559324023002,0.9594594594594594,0.0015295023
0.3546062668700857,0.9594594594594594,0.001529302
0.35843210890740523,0.9594594594594594,0.0014996442
0.3584790517544889,0.9594594594594594,0.0014992637
0.3594179086961624,0.9594594594594594,0.0014927456
0.3594648515432461,0.9594594594594594,0.001492489
0.36068536556742165,0.9594594594594594,0.0014826596
0.3607323084145053,0.9594594594594594,0.0014825142
0.3610843797676329,0.9594594594594594,0.0014794483
0.3611313226147166,0.9594594594594594,0.001479332
0.36404177913390445,0.9594594594594594,0.0014560741
0.36408872198098813,0.9594594594594594,0.0014557227
0.3657786644760005,0.9594594594594594,0.0014451321
0.36582560732308417,0.9594594594594594,0.001445071
0.36587255017016784,0.9594594594594594,0.0014448514
0.3659664358643352,0.9594594594594594,0.0014442847
0.37110667761999766,0.9594594594594594,0.0014062464
0.371200563314165,0.9594594594594594,0.0014060423
0.37131792043187417,0.9594594594594594,0.0014052491
0.37136486327895785,0.9594594594594594,0.0014050605
0.37246802018542424,0.9594594594594594,0.001396014
0.3725149630325079,0.9594594594594594,0.001395941
0.3725619058795916,0.9594594594594594,0.0013956717
0.37260884872667527,0.9594594594594594,0.0013956353
0.37788991902358876,0.9594594594594594,0.0013612676
0.3779603332942143,0.9594594594594594,0.0013612224
0.3795094472479756,0.9594594594594594,0.0013520309
0.37955639009505926,0.9594594594594594,0.0013520225
0.3796972186363103,0.9594594594594594,0.001351265
0.37974416148339396,0.9594594594594594,0.0013512141
0.3811289754723624,0.9594594594594594,0.001341312
0.3811993897429879,0.9594594594594594,0.0013412775
0.38331181786175333,0.9594594594594594,0.0013274066
0.383358760708837,0.9594594594594594,0.0013273989
0.3834291749794625,0.9594594594594594,0.0013268605
0.38347611782654617,0.9594594594594594,0.0013267758
0.3837812463325901,0.9594594594594594,0.0013250962
0.38382818917967376,0.9594594594594594,0.0013250079
0.3864569886163596,0.9594594594594594,0.0013088526
0.38650393146344325,0.9594594594594594,0.0013085321
0.3888745452411689,0.9594594594594594,0.0012932356
0.3890153737824199,0.9594594594594594,0.0012931728
0.39058795915972305,0.9594594594594594,0.0012813031
0.39063490200680673,0.9594594594594594,0.0012812548
0.3927473301255721,0.9594594594594594,0.0012684804
0.3927942729726558,0.9594594594594594,0.0012684544
0.39779368618706723,0.9594594594594594,0.0012413138
0.3978406290341509,0.9594594594594594,0.0012412748
0.39786410045769277,0.9594594594594594,0.0012412606
0.39791104330477645,0.9594594594594594,0.001241085
0.3981457575401948,0.9594594594594594,0.0012396578
0.3981927003872785,0.9594594594594594,0.0012394299
0.3982396432343622,0.9594594594594594,0.0012393721
0.39828658608144585,0.9594594594594594,0.0012393709
0.398990728787701,0.9594594594594594,0.0012359904
0.39903767163478465,0.9594594594594594,0.0012356915
0.399131557328952,0.9594594594594594,0.0012346944
0.39922544302311935,0.9594594594594594,0.0012345032
0.40354418495481753,0.9594594594594594,0.0012099001
0.4035911278019012,0.9594594594594594,0.0012096922
0.4043891562023237,0.9594594594594594,0.0012056552
0.40443609904940736,0.9594594594594594,0.0012056225
0.4065719985917146,0.9594594594594594,0.0011912782
0.4066189414387983,0.9594594594594594,0.0011910604
0.4077690411923483,0.9594594594594594,0.0011847307
0.407815984039432,0.9594594594594594,0.0011846337
0.4090599694871494,0.9594594594594594,0.0011780076
0.4091069123342331,0.9594594594594594,0.0011780002
0.4098110550404882,0.9594594594594594,0.0011742947
0.4098579978875719,0.9594594594594594,0.0011741705
0.410421312052576,0.9594594594594594,0.0011713415
0.41046825489965966,0.9594594594594594,0.0011712388
0.4118530688886281,0.9594594594594594,0.0011635282
0.4119234831592536,0.9594594594594594,0.0011632473
0.41302664006572,0.9594594594594594,0.0011573976
0.41307358291280366,0.9594594594594594,0.0011572681
0.4135430113836404,0.9594594594594594,0.0011556074
0.4135899542307241,0.9594594594594594,0.0011554791
0.41384813988968433,0.9594594594594594,0.0011541629
0.413895082736768,0.9594594594594594,0.001154097
0.41612486797324255,0.9594594594594594,0.0011406401
0.4161718108203262,0.9594594594594594,0.0011406145
0.41715761060908346,0.9594594594594594,0.0011352639
0.41720455345616714,0.9594594594594594,0.0011352423
0.41945781011618355,0.9594594594594594,0.0011242572
0.4195047529632672,0.9594594594594594,0.001124247
0.41999765285764584,0.9594594594594594,0.0011205865
0.4200445957047295,0.9594594594594594,0.001120578
0.420983452646403,0.9594594594594594,0.001115349
0.4210303954934867,0.9594594594594594,0.0011153484
0.4215467668114071,0.9594594594594594,0.001111467
0.4215937096584908,0.9594594594594594,0.0011114056
0.4221570238234949,0.9594594594594594,0.0011071718
0.4222039666705786,0.9594594594594594,0.0011069193
0.4227672808355827,0.9594594594594594,0.0011022247
0.42281422368266636,0.9594594594594594,0.0011022168
0.42356530923600516,0.9594594594594594,0.0010986814
0.42361225208308884,0.9594594594594594,0.0010986715
0.4242694519422603,0.9594594594594594,0.0010967056
0.42431639478934396,0.9594594594594594,0.001096672
0.4251613660368501,0.9594594594594594,0.001093131
0.4252083088839338,0.9594594594594594,0.0010930039
0.43032507921605445,0.9594594594594594,0.0010683103
0.43039549348668,0.9594594594594594,0.0010682706
0.4307240934162657,0.9594594594594594,0.0010672132
0.4307710362633494,0.9594594594594594,0.001067161
0.43131087900481163,0.9594594594594594,0.0010650418
0.4313578218518953,0.9594594594594594,0.0010647897
0.4317568360521066,0.9594594594594594,0.0010628919
0.43180377889919025,0.9594594594594594,0.0010627223
0.4319680788639831,0.9594594594594594,0.001062145
0.43201502171106676,0.9594594594594594,0.0010618141
0.4349020068067128,0.9594594594594594,0.0010474729
0.4349489496537965,0.9594594594594594,0.0010471756
0.43518366388921487,0.9594594594594594,0.0010461655
0.43523060673629854,0.9594594594594594,0.0010460952
0.43701443492547826,0.9594594594594594,0.001038043
0.43706137777256193,0.9594594594594594,0.0010380335
0.43720220631381296,0.9594594594594594,0.0010373741
0.43724914916089663,0.9594594594594594,0.001037268
0.4375073348198568,0.9594594594594594,0.0010361277
0.4375542776669405,0.9594594594594594,0.0010361222
0.4394085201267457,0.9594594594594594,0.0010276164
0.43945546297382937,0.9594594594594594,0.0010274093
0.4399248914446661,0.9594594594594594,0.0010260708
0.4399718342917498,0.9594594594594594,0.0010259188
0.44142706255134373,0.9594594594594594,0.0010190678
0.4414740053984274,0.9594594594594594,0.001019029
0.441826076751555,0.9594594594594594,0.0010178175
0.44187301959863867,0.9594594594594594,0.0010177124
0.4430231193521887,0.9594594594594594,0.0010107476
0.44307006219927236,0.9594594594594594,0.0010104986
0.44330477643469074,0.9594594594594594,0.0010094753
0.4433751907053163,0.9594594594594594,0.0010094407
0.4435394906701091,0.9594594594594594,0.0010086395
0.4435864335171928,0.9594594594594594,0.0010085136
0.443703790634902,0.9594594594594594,0.0010083632
0.4437507334819857,0.9594594594594594,0.0010079929
0.4438211477526112,0.9594594594594594,0.0010079795
0.44551109024762353,0.9594594594594594,0.0010015019
0.4455580330947072,0.9594594594594594,0.0010013655
0.4461448186832531,0.9594594594594594,0.0009990509
0.4461917615303368,0.9594594594594594,0.0009988743
0.44750616124867976,0.9594594594594594,0.000993504
0.44755310409576343,0.9594594594594594,0.0009931116
0.44863278957868796,0.9594594594594594,0.0009890053
0.44867973242577164,0.9594594594594594,0.0009889841
0.44886750381410634,0.9594594594594594,0.000987702
0.44905527520244104,0.9594594594594594,0.0009869256
0.4491022180495247,0.9594594594594594,0.0009867233
0.4491491608966084,0.9594594594594594,0.0009867108
0.4493369322849431,0.9594594594594594,0.0009852683
0.44938387513202677,0.9594594594594594,0.0009851195
0.44945428940265225,0.9594594594594594,0.000984967
0.4495012322497359,0.9594594594594594,0.0009849187
0.4504166177678676,0.9594594594594594,0.0009798384
0.4504635606149513,0.9594594594594594,0.000979835
0.4529280600868443,0.9594594594594594,0.0009691609
0.45297500293392795,0.9594594594594594,0.0009690703
0.45335054571059735,0.9594594594594594,0.00096776156
0.453397488557681,0.9594594594594594,0.000967733
0.4536322027930994,0.9594594594594594,0.00096715085
0.4536791456401831,0.9594594594594594,0.00096692704
0.4549466025114423,0.9594594594594594,0.0009606234
0.454993545358526,0.9594594594594594,0.00096060085
0.4554864452529046,0.9594594594594594,0.00095925416
0.4555333880999883,0.9594594594594594,0.0009590554
0.45818565896021596,0.9594594594594594,0.00094676076
0.45823260180729963,0.9594594594594594,0.0009467437
0.459476587255017,0.9594594594594594,0.00094238564
0.4595235301021007,0.9594594594594594,0.0009423242
0.4601572585377303,0.9594594594594594,0.0009403528
0.460204201384814,0.9594594594594594,0.0009403111
0.46074404412627623,0.9594594594594594,0.0009378975
0.46079098697335996,0.9594594594594594,0.00093786
0.4626217580096233,0.9594594594594594,0.0009298708
0.46266870085670697,0.9594594594594594,0.0009298619
0.4648046003990142,0.9594594594594594,0.0009214073
0.4648515432460979,0.9594594594594594,0.00092140643
0.4650393146344326,0.9594594594594594,0.00092043896
0.4650862574815163,0.9594594594594594,0.0009203456
0.46743339983570004,0.9594594594594594,0.0009116247
0.4675272855298674,0.9594594594594594,0.0009115127
0.470766341978641,0.9594594594594594,0.0009009598
0.47081328482572465,0.9594594594594594,0.00090088655
0.4710010562140594,0.9594594594594594,0.0008996607
0.4710714704846849,0.9594594594594594,0.0008995788
0.4728083558267809,0.9594594594594594,0.0008925518
0.47285529867386455,0.9594594594594594,0.00089243695
0.47316042717990847,0.9594594594594594,0.0008912851
0.4732543128740758,0.9594594594594594,0.0008912392
0.47327778429761763,0.9594594594594594,0.0008912226
0.4733247271447013,0.9594594594594594,0.0008911862
0.47449829832179324,0.9594594594594594,0.0008862988
0.4745452411688769,0.9594594594594594,0.0008862806
0.47482689825137897,0.9594594594594594,0.00088518346
0.47494425536908813,0.9594594594594594,0.00088511984
0.4751554981809647,0.9594594594594594,0.0008842769
0.4752024410280484,0.9594594594594594,0.0008841732
0.4758596408872198,0.9594594594594594,0.0008816183
0.475976998004929,0.9594594594594594,0.00088157546
0.4760943551226382,0.9594594594594594,0.0008812672
0.4761647693932637,0.9594594594594594,0.0008809957
0.4769158549466025,0.9594594594594594,0.000877421
0.47696279779368617,0.9594594594594594,0.0008771765
0.47731486914681376,0.9594594594594594,0.0008754318
0.47736181199389743,0.9594594594594594,0.0008753451
0.47811289754723624,0.9594594594594594,0.00087295164
0.4783945546297383,0.9594594594594594,0.0008727995
0.48182138246684664,0.9594594594594594,0.0008591265
0.4818683253139303,0.9594594594594594,0.0008590495
0.4820795681258068,0.9594594594594594,0.00085826946
0.4821265109728905,0.9594594594594594,0.00085822196
0.48353479638540076,0.9594594594594594,0.000852167
0.48358173923248443,0.9594594594594594,0.0008521435
0.4844032390564488,0.9594594594594594,0.0008491372
0.48445018190353245,0.9594594594594594,0.00084911985
0.48475531040957637,0.9594594594594594,0.0008484404
0.48480225325666004,0.9594594594594594,0.0008484161
0.4850839103391621,0.9594594594594594,0.0008476344
0.48513085318624577,0.9594594594594594,0.0008475245
0.4854594531158315,0.9594594594594594,0.000846173
0.485529867386457,0.9594594594594594,0.0008461028
0.4882525525173102,0.9594594594594594,0.00083689333
0.4883229667879357,0.9594594594594594,0.0008366864
0.4896138950827368,0.9594594594594594,0.0008322234
0.48966083792982046,0.9594594594594594,0.000832129
0.4905292806008684,0.9594594594594594,0.0008288014
0.49059969487149396,0.9594594594594594,0.00082861824
0.4906935805656613,0.9594594594594594,0.00082843663
0.4907639948362868,0.9594594594594594,0.00082835136
0.4931815514610961,0.9594594594594594,0.000820104
0.49327543715526345,0.9594594594594594,0.00081993523
0.49463677972069003,0.9594594594594594,0.0008151217
0.4946837225677737,0.9594594594594594,0.00081510766
0.4957868794742401,0.9594594594594594,0.0008115302
0.4958338223213238,0.9594594594594594,0.0008115295
0.4977115362046708,0.9594594594594594,0.00080554927
0.49778195047529633,0.9594594594594594,0.0008055458
0.4984391503344678,0.9594594594594594,0.00080259127
0.49848609318155146,0.9594594594594594,0.00080256106
0.4989555216523882,0.9594594594594594,0.0008006598
0.4990024644994719,0.9594594594594594,0.0008005496
0.4995188358173923,0.9594594594594594,0.00079923513
0.49958925008801786,0.9594594594594594,0.00079921185
0.5000117357117709,0.9594594594594594,0.00079810724
0.5000586785588546,0.9594594594594594,0.0007977453
0.500293392794273,0.9594594594594594,0.000796766
0.5003403356413566,0.9594594594594594,0.00079674553
0.5028048351132496,0.9594594594594594,0.0007873136
0.5028517779603333,0.9594594594594594,0.00078730314
0.5046590775730548,0.9594594594594594,0.0007820592
0.5047060204201385,0.9594594594594594,0.0007820536
0.5057152916324376,0.9594594594594594,0.000778429
0.5057622344795212,0.9594594594594594,0.00077839673
0.5078746625982866,0.9594594594594594,0.0007720381
0.5079216054453702,0.9594594594594594,0.00077202485
0.5083206196455815,0.9594594594594594,0.0007708421
0.5083675624926651,0.9594594594594594,0.0007706504
0.5095176622462152,0.9594594594594594,0.00076719996
0.5095646050932989,0.9594594594594594,0.0007671454
0.5113953761295622,0.9594594594594594,0.0007613806
0.5114657904001878,0.9594594594594594,0.0007613023
0.5118413331768572,0.9594594594594594,0.0007597774
0.5118882760239408,0.9594594594594594,0.00075975887
0.5126393615772796,0.9594594594594594,0.0007580471
0.5127567186949888,0.9594594594594594,0.0007579987
0.5161131322614717,0.9594594594594594,0.0007473383
0.5161600751085553,0.9594594594594594,0.0007472432
0.5163009036498064,0.9594594594594594,0.00074686547
0.5163947893439738,0.9594594594594594,0.0007468552
0.5174040605562727,0.9594594594594594,0.0007438652
0.5174510034033564,0.9594594594594594,0.0007438031
0.517803074756484,0.9594594594594594,0.00074276194
0.5178734890271095,0.9594594594594594,0.00074272224
0.5178969604506514,0.9594594594594594,0.00074254785
0.5179908461448187,0.9594594594594594,0.0007424718
0.5196103743692055,0.9594594594594594,0.00073766505
0.519680788639831,0.9594594594594594,0.00073766016
0.5209013026640066,0.9594594594594594,0.00073397
0.5209482455110902,0.9594594594594594,0.0007339253
0.5215819739467199,0.9594594594594594,0.0007321457
0.5216523882173454,0.9594594594594594,0.0007320999
0.5218871024527637,0.9594594594594594,0.00073105353
0.5219340452998474,0.9594594594594594,0.00073099294
0.5222391738058914,0.9594594594594594,0.0007296187
0.522286116652975,0.9594594594594594,0.0007295565
0.5242342448069476,0.9594594594594594,0.00072350766
0.5242811876540312,0.9594594594594594,0.0007234632
0.5278488440323905,0.9594594594594594,0.00071257196
0.5278957868794742,0.9594594594594594,0.0007125499
0.5296326722215703,0.9594594594594594,0.0007079
0.5297030864921958,0.9594594594594594,0.0007078116
0.5320032859992958,0.9594594594594594,0.00070124253
0.5320502288463795,0.9594594594594594,0.00070100866
0.5367679849782889,0.9594594594594594,0.0006880455
0.5368149278253727,0.9594594594594594,0.0006880029
0.5369557563666236,0.9594594594594594,0.00068727223
0.5370261706372491,0.9594594594594594,0.0006872454
0.5373547705668349,0.9594594594594594,0.0006866473
0.5374017134139185,0.9594594594594594,0.0006866303
0.5374486562610022,0.9594594594594594,0.0006865482
0.5374955991080859,0.9594594594594594,0.000686349
0.539795798615186,0.9594594594594594,0.0006788795
0.5398427414622697,0.9594594594594594,0.0006787727
0.5408754840981106,0.9594594594594594,0.0006757562
0.5409224269451942,0.9594594594594594,0.00067561265
0.5410163126393616,0.9594594594594594,0.0006753004
0.5411101983335289,0.9594594594594594,0.00067527016
0.5446543832883465,0.9594594594594594,0.000665395
0.5447482689825138,0.9594594594594594,0.00066522445
0.5456167116535617,0.9594594594594594,0.0006631899
0.5456636545006455,0.9594594594594594,0.00066307554
0.5469780542189884,0.9594594594594594,0.00066000986
0.5470249970660721,0.9594594594594594,0.00065999344
0.5477995540429527,0.9594594594594594,0.00065830204
0.5478464968900364,0.9594594594594594,0.00065824366
0.5524938387513203,0.9594594594594594,0.0006453032
0.5525407815984039,0.9594594594594594,0.0006452697
0.5527285529867386,0.9594594594594594,0.00064469373
0.5527754958338224,0.9594594594594594,0.00064468017
0.5533622814223683,0.9594594594594594,0.00064292474
0.5534092242694519,0.9594594594594594,0.0006428782
0.5537612956225795,0.9594594594594594,0.0006422021
0.5538317098932051,0.9594594594594594,0.00064214674
0.5540898955521653,0.9594594594594594,0.00064164994
0.5541368383992489,0.9594594594594594,0.0006415799
0.5549113953761295,0.9594594594594594,0.0006400247
0.5550756953409224,0.9594594594594594,0.0006400098
0.5550991667644642,0.9594594594594594,0.00063988264
0.5551695810350897,0.9594594594594594,0.0006398137
0.5556155380823847,0.9594594594594594,0.00063844316
0.5556859523530102,0.9594594594594594,0.0006383665
0.5559206665884285,0.9594594594594594,0.00063763163
0.5559676094355123,0.9594594594594594,0.00063760096
0.5560145522825959,0.9594594594594594,0.00063735613
0.5560614951296796,0.9594594594594594,0.00063732575
0.5562257950944725,0.9594594594594594,0.00063690677
0.5562727379415562,0.9594594594594594,0.00063689344
0.557023823494895,0.9594594594594594,0.00063572
0.5570707663419786,0.9594594594594594,0.0006356485
0.5579626804365685,0.9594594594594594,0.0006333741
0.558033094707194,0.9594594594594594,0.0006332727
0.5593944372726206,0.9594594594594594,0.0006292744
0.5594413801197042,0.9594594594594594,0.0006292549
0.5599577514376247,0.9594594594594594,0.0006282512
0.5600046942847083,0.9594594594594594,0.0006280904
0.5601689942495013,0.9594594594594594,0.00062765065
0.5602159370965849,0.9594594594594594,0.0006276318
0.5610374369205492,0.9594594594594594,0.0006254629
0.5610843797676329,0.9594594594594594,0.0006254513
0.5619528224386809,0.9594594594594594,0.0006230866
0.5619997652857646,0.9594594594594594,0.0006230723
0.5635488792395259,0.9594594594594594,0.0006194637
0.5635958220866095,0.9594594594594594,0.0006194167
0.5658490787466259,0.9594594594594594,0.00061385555
0.5658960215937097,0.9594594594594594,0.0006136772
0.5689707780776904,0.9594594594594594,0.00060581206
0.5690177209247741,0.9594594594594594,0.00060576614
0.5695340922426945,0.9594594594594594,0.00060466764
0.5695810350897782,0.9594594594594594,0.00060460996
0.5698626921722802,0.9594594594594594,0.00060420414
0.5699096350193639,0.9594594594594594,0.00060411403
0.5702617063724915,0.9594594594594594,0.00060294085
0.5703086492195751,0.9594594594594594,0.0006029193
0.570613777725619,0.9594594594594594,0.0006025287
0.5706607205727028,0.9594594594594594,0.00060252525
0.5714352775495833,0.9594594594594594,0.00060063513
0.5714822203966671,0.9594594594594594,0.0006006068
0.5715526346672926,0.9594594594594594,0.0006005421
0.5724210773383406,0.9594594594594594,0.0005987672
0.5724680201854242,0.9594594594594594,0.0005987501
0.5725149630325079,0.9594594594594594,0.00059865625
0.5725619058795915,0.9594594594594594,0.00059860287
0.5735946485154325,0.9594594594594594,0.00059586606
0.5736415913625161,0.9594594594594594,0.0005958283
0.5737120056331416,0.9594594594594594,0.00059573515
0.5737589484802254,0.9594594594594594,0.00059570424
0.5753080624339866,0.9594594594594594,0.00059159443
0.5753550052810703,0.9594594594594594,0.00059154705
0.5756131909400305,0.9594594594594594,0.0005910903
0.5756601337871142,0.9594594594594594,0.0005910044
0.5778195047529633,0.9594594594594594,0.000586129
0.5778664476000469,0.9594594594594594,0.00058612344
0.5781950475296327,0.9594594594594594,0.00058557035
0.5782654618002582,0.9594594594594594,0.00058532035
0.5783358760708837,0.9594594594594594,0.000584983
0.5783828189179674,0.9594594594594594,0.0005849506
0.5788053045417204,0.9594594594594594,0.0005843157
0.5788522473888041,0.9594594594594594,0.0005842956
0.5797676329069358,0.9594594594594594,0.0005818662
0.5798145757540195,0.9594594594594594,0.0005818374
0.5800492899894378,0.9594594594594594,0.0005815679
0.5800962328365216,0.9594594594594594,0.0005813886
0.5801901185306889,0.9594594594594594,0.00058129994
0.5802370613777725,0.9594594594594594,0.0005812855
0.5816688182138247,0.9594594594594594,0.00057846156
0.5817157610609084,0.9594594594594594,0.0005783899
0.5860345029926065,0.9594594594594594,0.00056787644
0.5860814458396901,0.9594594594594594,0.0005678518
0.5877948597582443,0.9594594594594594,0.0005646136
0.587841802605328,0.9594594594594594,0.0005645717
0.589437859406173,0.9594594594594594,0.00056132145
0.5894848022532566,0.9594594594594594,0.0005611639
0.5898134021828424,0.9594594594594594,0.0005600741
0.589860345029926,0.9594594594594594,0.00056004315
0.5915737589484802,0.9594594594594594,0.0005558152
0.5916441732191058,0.9594594594594594,0.00055575743
0.5932871728670344,0.9594594594594594,0.00055196625
0.5933575871376598,0.9594594594594594,0.00055189576
0.5934749442553691,0.9594594594594594,0.0005516875
0.5935218871024528,0.9594594594594594,0.0005515779
0.5948128153972538,0.9594594594594594,0.0005489191
0.5949067010914212,0.9594594594594594,0.00054889946
0.5955873723741345,0.9594594594594594,0.0005475283
0.5956343152212181,0.9594594594594594,0.00054749835
0.5964323436216407,0.9594594594594594,0.0005461841
0.5964792864687243,0.9594594594594594,0.0005461354
0.5969956577866448,0.9594594594594594,0.00054481113
0.5970426006337284,0.9594594594594594,0.0005447548
0.5973712005633142,0.9594594594594594,0.0005438609
0.5974181434103979,0.9594594594594594,0.0005437536
0.6001877713883347,0.9594594594594594,0.00053757476
0.6002347142354184,0.9594594594594594,0.00053748745
0.6003755427766694,0.9594594594594594,0.00053708005
0.6004224856237531,0.9594594594594594,0.0005370104
0.6015256425302195,0.9594594594594594,0.000534818
0.6015725853773032,0.9594594594594594,0.00053475786
0.6024175566248093,0.9594594594594594,0.0005330126
0.602464499471893,0.9594594594594594,0.00053299585
0.6035441849548175,0.9594594594594594,0.0005310835
0.6035911278019012,0.9594594594594594,0.00053107314
0.603614599225443,0.9594594594594594,0.00053106836
0.6036615420725266,0.9594594594594594,0.0005310648
0.6049289989437859,0.9594594594594594,0.0005288246
0.6049759417908697,0.9594594594594594,0.0005288062
0.6071353127567187,0.9594594594594594,0.0005243144
0.6071822556038023,0.9594594594594594,0.00052415
0.6072761412979697,0.9594594594594594,0.0005240131
0.6073230841450534,0.9594594594594594,0.00052395894
0.6078394554629738,0.9594594594594594,0.00052298943
0.6078863983100575,0.9594594594594594,0.0005229321
0.6097171693463208,0.9594594594594594,0.0005189862
0.6097641121934045,0.9594594594594594,0.00051893276
0.6099988264288229,0.9594594594594594,0.0005184598
0.6100692406994485,0.9594594594594594,0.00051836896
0.6105386691702852,0.9594594594594594,0.0005173028
0.6105856120173688,0.9594594594594594,0.0005173023
0.6115009975355006,0.9594594594594594,0.00051492936
0.6115479403825842,0.9594594594594594,0.000514896
0.612017368853421,0.9594594594594594,0.0005141745
0.6120643117005047,0.9594594594594594,0.00051410275
0.6131439971834292,0.9594594594594594,0.0005121737
0.6131909400305129,0.9594594594594594,0.00051212264
0.6136368970778078,0.9594594594594594,0.0005112796
0.6136838399248914,0.9594594594594594,0.0005112725
0.6144349254782303,0.9594594594594594,0.00050991075
0.6144818683253139,0.9594594594594594,0.00050988136
0.6165238821734538,0.9594594594594594,0.0005054958
0.6165708250205375,0.9594594594594594,0.00050545874
0.6166177678676211,0.9594594594594594,0.00050543126
0.6166881821382467,0.9594594594594594,0.0005053691
0.6172749677267926,0.9594594594594594,0.000504365
0.6173219105738763,0.9594594594594594,0.0005043456
0.6174862105386691,0.9594594594594594,0.00050410646
0.6175331533857529,0.9594594594594594,0.0005041021
0.6175566248092946,0.9594594594594594,0.0005040519
0.6176035676563784,0.9594594594594594,0.00050399185
0.6178617533153385,0.9594594594594594,0.0005035921
0.6179086961624223,0.9594594594594594,0.0005034318
0.6189414387982631,0.9594594594594594,0.0005021699
0.6189883816453468,0.9594594594594594,0.00050215767
0.6226264522943317,0.9594594594594594,0.0004953357
0.6226733951414153,0.9594594594594594,0.00049530267
0.6240582091303838,0.9594594594594594,0.00049241557
0.6241286234010093,0.9594594594594594,0.00049229804
0.6261002229785236,0.9594594594594594,0.00048823393
0.6261471658256074,0.9594594594594594,0.0004881637
0.6267104799906115,0.9594594594594594,0.0004873236
0.6267574228376951,0.9594594594594594,0.00048722833
0.6271799084614482,0.9594594594594594,0.00048655865
0.6272268513085318,0.9594594594594594,0.0004865341
0.627930994014787,0.9594594594594594,0.0004855331
0.6279779368618706,0.9594594594594594,0.0004855322
0.6280952939795799,0.9594594594594594,0.00048546278
0.6280952939795799,0.972972972972973,0.00048542273
0.628658608144584,0.972972972972973,0.00048455223
0.6287055509916677,0.972972972972973,0.0004844324
0.6323201502171106,0.972972972972973,0.00047800032
0.6323670930641944,0.972972972972973,0.0004779953
0.6340100927121229,0.972972972972973,0.0004752091
0.6340570355592067,0.972972972972973,0.00047519457
0.6340805069827485,0.972972972972973,0.00047515807
0.6341274498298322,0.972972972972973,0.00047514905
0.635746978054219,0.972972972972973,0.00047194143
0.6357939209013027,0.972972972972973,0.0004718607
0.6361694636779721,0.972972972972973,0.00047103877
0.6362164065250557,0.972972972972973,0.00047103854
0.6372726205844385,0.972972972972973,0.0004691556
0.6373195634315221,0.972972972972973,0.0004691464
0.637483863396315,0.972972972972973,0.0004688196
0.6375308062433986,0.972972972972973,0.0004688078
0.6389156202323671,0.972972972972973,0.00046647285
0.6389625630794508,0.972972972972973,0.00046639348
0.6390095059265345,0.972972972972973,0.00046637212
0.6390564487736181,0.972972972972973,0.00046635748
0.6402065485271682,0.972972972972973,0.00046432234
0.6402534913742518,0.972972972972973,0.00046430132
0.6404177913390448,0.972972972972973,0.00046414492
0.6404882056096702,0.972972972972973,0.00046401925
0.6408637483863396,0.972972972972973,0.0004630609
0.640957634080507,0.972972972972973,0.00046292512
0.6415209482455111,0.972972972972973,0.0004617344
0.6415678910925947,0.972972972972973,0.00046164592
0.6435864335171928,0.972972972972973,0.00045787904
0.6436333763642765,0.972972972972973,0.00045783998
0.6437976763290694,0.972972972972973,0.0004575684
0.643844619176153,0.972972972972973,0.0004575588
0.6443844619176153,0.972972972972973,0.00045700738
0.6444548761882408,0.972972972972973,0.00045692705
0.6464968900363807,0.972972972972973,0.0004532853
0.6465438328834644,0.972972972972973,0.0004532287
0.6466142471540899,0.972972972972973,0.00045316215
0.6466611900011736,0.972972972972973,0.00045315633
0.6468254899659664,0.972972972972973,0.00045288258
0.6468724328130501,0.972972972972973,0.00045283206
0.6470836756249266,0.972972972972973,0.0004525233
0.6471306184720104,0.972972972972973,0.00045239087
0.6477408754840981,0.972972972972973,0.00045158065
0.6477878183311818,0.972972972972973,0.0004515555
0.6480929468372256,0.972972972972973,0.00045108353
0.6481398896843094,0.972972972972973,0.0004510803
0.6490318037788992,0.972972972972973,0.00044944565
0.6490787466259829,0.972972972972973,0.0004493994
0.6492195751672339,0.972972972972973,0.00044926276
0.6492665180143176,0.972972972972973,0.00044923538
0.6501584321089074,0.972972972972973,0.00044777023
0.6502523178030748,0.972972972972973,0.00044768417
0.6514728318272504,0.972972972972973,0.00044519466
0.651519774674334,0.972972972972973,0.0004451187
0.6523412744982984,0.972972972972973,0.0004433448
0.6524116887689239,0.972972972972973,0.00044332218
0.6541955169581035,0.972972972972973,0.00044045004
0.6542894026522709,0.972972972972973,0.0004404301
0.6559089308766577,0.972972972972973,0.00043769766
0.6559558737237413,0.972972972972973,0.00043753476
0.6592184015960568,0.972972972972973,0.00043169013
0.6592888158666823,0.972972972972973,0.00043158152
0.6593122872902242,0.972972972972973,0.00043147846
0.6593827015608497,0.972972972972973,0.0004313919
0.6595939443727262,0.972972972972973,0.0004311444
0.6597347729139772,0.972972972972973,0.00043112735
0.6604623870437742,0.972972972972973,0.00042942987
0.6605093298908579,0.972972972972973,0.00042939876
0.6606736298556507,0.972972972972973,0.0004291845
0.6607205727027344,0.972972972972973,0.00042913418
0.661213472597113,0.972972972972973,0.00042847465
0.6612604154441967,0.972972972972973,0.0004283997
0.6618237296092008,0.972972972972973,0.00042744784
0.6618941438798263,0.972972972972973,0.00042743722
0.6627625865508743,0.972972972972973,0.00042610936
0.662809529397958,0.972972972972973,0.00042605086
0.667292571294449,0.972972972972973,0.0004182096
0.6673629855650746,0.972972972972973,0.00041820045
0.6695927708015491,0.972972972972973,0.00041474664
0.6696397136486328,0.972972972972973,0.00041472825
0.6699213707311349,0.972972972972973,0.00041405234
0.6699683135782185,0.972972972972973,0.0004140484
0.6711888276023941,0.972972972972973,0.00041205445
0.6712357704494778,0.972972972972973,0.00041205113
0.6713531275671869,0.972972972972973,0.00041185672
0.6714000704142706,0.972972972972973,0.00041181454
0.6716582560732308,0.972972972972973,0.0004114884
0.6717051989203146,0.972972972972973,0.0004114423
0.6722450416617768,0.972972972972973,0.000410266
0.6722919845088604,0.972972972972973,0.0004102605
0.6735594413801197,0.972972972972973,0.00040801725
0.6736063842272034,0.972972972972973,0.00040801222
0.6745217697453351,0.972972972972973,0.00040658127
0.6745687125924187,0.972972972972973,0.00040652836
0.6754606266870086,0.972972972972973,0.00040478795
0.6755075695340922,0.972972972972973,0.0004047563
0.6757892266165944,0.972972972972973,0.00040444316
0.675836169463678,0.972972972972973,0.00040431516
0.6773383405703556,0.972972972972973,0.0004010075
0.6773852834174393,0.972972972972973,0.00040098897
0.6785353831709893,0.972972972972973,0.0003992371
0.678582326018073,0.972972972972973,0.00039920112
0.6805539255955874,0.972972972972973,0.00039543325
0.6806008684426711,0.972972972972973,0.00039539443
0.6826898251378947,0.972972972972973,0.000391979
0.6827367679849783,0.972972972972973,0.00039188692
0.6844971247506161,0.972972972972973,0.000389269
0.6845440675976998,0.972972972972973,0.00038924656
0.6872198098814694,0.972972972972973,0.00038474976
0.687266752728553,0.972972972972973,0.00038473913
0.6879708954348082,0.972972972972973,0.0003841456
0.6880178382818918,0.972972972972973,0.00038409798
0.6892618237296092,0.972972972972973,0.00038190052
0.6893087665766928,0.972972972972973,0.0003818057
0.6899424950123225,0.972972972972973,0.00038057813
0.6899424950123225,0.9864864864864865,0.00038056562
0.6910691233423307,0.9864864864864865,0.00037885725
0.6911160661894143,0.9864864864864865,0.00037880652
0.6940030512850605,0.9864864864864865,0.000374504
0.6940969369792278,0.9864864864864865,0.00037431947
0.6966318507217463,0.9864864864864865,0.000370331
0.69667879356883,0.9864864864864865,0.00037027927
0.6972421077338341,0.9864864864864865,0.0003691648
0.6972890505809177,0.9864864864864865,0.0003691389
0.6988146931111372,0.9864864864864865,0.00036653242
0.6988616359582208,0.9864864864864865,0.00036651496
0.6993545358525994,0.9864864864864865,0.0003658888
0.6994014786996832,0.9864864864864865,0.0003658337
0.6998943785940618,0.9864864864864865,0.0003652145
0.6999413214411454,0.9864864864864865,0.0003652122
0.7016312639361577,0.9864864864864865,0.00036278248
0.7016782067832414,0.9864864864864865,0.0003627007
0.7025466494542894,0.9864864864864865,0.00036147685
0.7025935923013731,0.9864864864864865,0.0003614584
0.7037202206313813,0.9864864864864865,0.00035960614
0.703767163478465,0.9864864864864865,0.00035950367
0.7039784062903415,0.9864864864864865,0.00035921778
0.7040253491374252,0.9864864864864865,0.00035917087
0.7042365919493018,0.9864864864864865,0.00035883667
0.7042835347963854,0.9864864864864865,0.0003586585
0.7056683487853538,0.9864864864864865,0.00035648042
0.7057152916324375,0.9864864864864865,0.0003564775
0.7058326487501467,0.9864864864864865,0.00035622597
0.7058795915972303,0.9864864864864865,0.00035612407
0.7077573054805774,0.9864864864864865,0.0003534504
0.7078042483276611,0.9864864864864865,0.0003533815
0.7104565191878888,0.9864864864864865,0.00034977988
0.7105034620349724,0.9864864864864865,0.0003497754
0.7121934045299847,0.9864864864864865,0.0003473395
0.7122403473770684,0.9864864864864865,0.0003473125
0.7139302898720807,0.9864864864864865,0.00034424584
0.7139772327191645,0.9864864864864865,0.00034421252
0.7155263466729257,0.9864864864864865,0.0003421093
0.7155732895200094,0.9864864864864865,0.00034209574
0.7175214176739819,0.9864864864864865,0.00033986592
0.7175683605210657,0.9864864864864865,0.0003398463
0.7176857176387748,0.9864864864864865,0.00033972805
0.7177326604858585,0.9864864864864865,0.00033971414
0.7179204318741932,0.9864864864864865,0.00033954578
0.7179673747212768,0.9864864864864865,0.0003395079
0.7183194460744045,0.9864864864864865,0.00033922208
0.7183663889214881,0.9864864864864865,0.0003391954
0.7206431170050464,0.9864864864864865,0.00033582633
0.7207370026992137,0.9864864864864865,0.0003358246
0.7210186597817158,0.9864864864864865,0.00033548204
0.7210656026287995,0.9864864864864865,0.00033547435
0.7242107733834057,0.9864864864864865,0.0003311902
0.7242577162304894,0.9864864864864865,0.00033117
0.7247740875484098,0.9864864864864865,0.00033035013
0.7248210303954935,0.9864864864864865,0.00033032935
0.7254312874075812,0.9864864864864865,0.00032971613
0.7255017016782068,0.9864864864864865,0.0003296608
0.7259711301490436,0.9864864864864865,0.0003290865
0.7260650158432109,0.9864864864864865,0.00032908493
0.7282478582326019,0.9864864864864865,0.00032604358
0.7282948010796855,0.9864864864864865,0.00032601279
0.7286938152798967,0.9864864864864865,0.0003253093
0.7287407581269804,0.9864864864864865,0.0003252854
0.7301959863865743,0.9864864864864865,0.0003231255
0.730242929233658,0.9864864864864865,0.00032308977
0.7303602863513672,0.9864864864864865,0.0003227991
0.7304072291984509,0.9864864864864865,0.00032278497
0.730688886280953,0.9864864864864865,0.00032249524
0.7307358291280366,0.9864864864864865,0.00032248293
0.7313695575636663,0.9864864864864865,0.00032173915
0.7314165004107499,0.9864864864864865,0.0003216824
0.7333176857176388,0.9864864864864865,0.0003189566
0.7333646285647224,0.9864864864864865,0.00031893773
0.7351015139068184,0.9864864864864865,0.0003162246
0.7351484567539022,0.9864864864864865,0.00031619868
0.7365802135899542,0.9864864864864865,0.0003139126
0.7366271564370379,0.9864864864864865,0.0003138785
0.7378007276141298,0.9864864864864865,0.00031194417
0.7378946133082972,0.9864864864864865,0.00031186568
0.737918084731839,0.9864864864864865,0.00031185674
0.7379884990024645,0.9864864864864865,0.0003118086
0.7391385987560145,0.9864864864864865,0.00030997093
0.7392324844501819,0.9864864864864865,0.0003098498
0.7403356413566483,0.9864864864864865,0.0003086095
0.7404060556272738,0.9864864864864865,0.00030860305
0.740664241286234,0.9864864864864865,0.0003079174
0.7407111841333177,0.9864864864864865,0.0003079127
0.7416735124985331,0.9864864864864865,0.0003066255
0.7417204553456167,0.9864864864864865,0.00030662288
0.7435277549583382,0.9864864864864865,0.0003041635
0.7435746978054218,0.9864864864864865,0.00030416087
0.7456401830771037,0.9864864864864865,0.00030129982
0.7456871259241873,0.9864864864864865,0.00030126737
0.7460626687008567,0.9864864864864865,0.0003007333
0.7461330829714822,0.9864864864864865,0.00030073043
0.7468606971012792,0.9864864864864865,0.00029953837
0.7469076399483628,0.9864864864864865,0.00029952097
0.7469545827954466,0.9864864864864865,0.00029945243
0.7470249970660721,0.9864864864864865,0.00029943557
0.7481750968196221,0.9864864864864865,0.000298175
0.7482220396667058,0.9864864864864865,0.000298148
0.7496537965027579,0.9864864864864865,0.00029685433
0.7497007393498416,0.9864864864864865,0.00029685406
0.7502875249383875,0.9864864864864865,0.0002961273
0.7503344677854712,0.9864864864864865,0.00029606913
0.7506865391385987,0.9864864864864865,0.00029539078
0.7507334819856825,0.9864864864864865,0.00029534742
0.7519774674333999,0.9864864864864865,0.00029381455
0.7520244102804835,0.9864864864864865,0.00029378288
0.7521652388217346,0.9864864864864865,0.0002936482
0.7521652388217346,1.0,0.00029361347
0.7532683957282009,1.0,0.00029243427
0.7533153385752845,1.0,0.00029240554
0.7543011383640418,1.0,0.0002913609
0.7543480812111255,1.0,0.0002913145
0.7545827954465438,1.0,0.00029113152
0.7546297382936276,1.0,0.00029109212
0.7558737237413449,1.0,0.00028939557
0.7559676094355122,1.0,0.00028934426
0.756014552282596,1.0,0.00028932135
0.7565074521769746,1.0,0.00028891177
0.7565543950240582,1.0,0.00028889687
0.7575167233892736,1.0,0.00028739995
0.7575636662363572,1.0,0.0002873857
0.757587137659899,1.0,0.00028737664
0.7576575519305245,1.0,0.00028737282
0.7604271799084614,1.0,0.0002839356
0.7604741227555452,1.0,0.000283921
0.7635019363924422,1.0,0.00027993193
0.7635723506630677,1.0,0.00027980492
0.7636192935101513,1.0,0.00027980466
0.7653092360051638,1.0,0.0002778293
0.7653561788522474,1.0,0.0002777986
0.7663185072174628,1.0,0.00027666573
0.7663654500645464,1.0,0.00027666046
0.7665532214528811,1.0,0.00027644716
0.7666001642999648,1.0,0.00027644212
0.7666236357235067,1.0,0.0002764271
0.766717521417674,1.0,0.00027641313
0.7680788639831005,1.0,0.00027475314
0.7681258068301843,1.0,0.00027473507
0.7687595352658139,1.0,0.00027388093
0.7688064781128976,1.0,0.00027387464
0.7693463208543598,1.0,0.0002733055
0.7693932637014435,1.0,0.00027329923
0.7707076634197864,1.0,0.00027156496
0.7707546062668701,1.0,0.00027153414
0.7710362633493721,1.0,0.0002712601
0.7711536204670814,1.0,0.00027121976
0.771200563314165,1.0,0.00027120582
0.7712475061612487,1.0,0.0002710825
0.7713413918554161,1.0,0.0002708792
0.7713883347024997,1.0,0.00027086833
0.7715056918202089,1.0,0.00027072142
0.7715526346672926,1.0,0.0002707186
0.7723976059147988,1.0,0.00026960534
0.7725619058795916,1.0,0.00026956756
0.7733834057035559,1.0,0.00026848132
0.7734303485506396,1.0,0.00026847055
0.7735477056683487,1.0,0.00026837306
0.7736181199389743,1.0,0.00026833825
0.7738293627508508,1.0,0.00026794302
0.7738763055979345,1.0,0.00026793152
0.7746039197277315,1.0,0.00026681906
0.7746508625748152,1.0,0.0002667949
0.7768571763877479,1.0,0.00026383734
0.7769041192348316,1.0,0.00026377948
0.7778429761765051,1.0,0.00026269528
0.7778899190235887,1.0,0.00026266795
0.7786175331533858,1.0,0.00026177842
0.7786644760004694,1.0,0.0002617425
0.7789226616594297,1.0,0.00026145318
0.7789696045065133,1.0,0.00026139832
0.7797206900598521,1.0,0.00026054564
0.7797676329069358,1.0,0.00026053644
0.7824199037671635,1.0,0.00025765735
0.7824668466142471,1.0,0.00025765636
0.78263114657904,1.0,0.00025748913
0.7826780894261237,1.0,0.00025746677
0.7844619176153034,1.0,0.00025578294
0.7845323318859289,1.0,0.00025576662
0.7871846027461565,1.0,0.00025271674
0.7872315455932403,1.0,0.0002527153
0.7873958455580331,1.0,0.0002525012
0.7874662598286586,1.0,0.0002524694
0.7891092594765873,1.0,0.00025083116
0.7891562023236709,1.0,0.00025081442
0.7899777021476353,1.0,0.0002500153
0.7900246449947189,1.0,0.00025001363
0.7917850017603567,1.0,0.00024804534
0.7918788874545242,1.0,0.00024804083
0.7929351015139068,1.0,0.000247231
0.7929820443609905,1.0,0.00024722438
0.7950240582091304,1.0,0.0002449548
0.7950710010562141,1.0,0.00024495387
0.795376129562258,1.0,0.00024469313
0.7954465438328835,1.0,0.000244678
0.7959629151508039,1.0,0.00024390261
0.7960098579978876,1.0,0.00024389655
0.7965027578922662,1.0,0.00024327992
0.7965497007393498,1.0,0.00024325002
0.7977232719164418,1.0,0.00024160798
0.7977702147635254,1.0,0.0002415686
0.8042717990846144,1.0,0.00023402133
0.80434221335524,1.0,0.00023400146
0.8048585846731604,1.0,0.00023337315
0.8049994132144115,1.0,0.00023335
0.8058678558854595,1.0,0.00023254777
0.8059147987325431,1.0,0.00023252382
0.806079098697336,1.0,0.00023230113
0.8061260415444197,1.0,0.00023225018
0.8080037554277667,1.0,0.00023059179
0.8080506982748503,1.0,0.00023049464
0.8092242694519423,1.0,0.00022884835
0.809271212299026,1.0,0.00022877679
0.8103274263584086,1.0,0.00022764078
0.8103743692054923,1.0,0.00022752967
0.8129092829480108,1.0,0.0002248531
0.8129562257950945,1.0,0.00022481129
0.8146461682901068,1.0,0.00022297201
0.8147869968313578,1.0,0.00022296053
0.8158432108907405,1.0,0.00022180179
0.8158901537378243,1.0,0.00022175274
0.8166177678676212,1.0,0.00022100256
0.8166647107147048,1.0,0.00022096065
0.8205140241755663,1.0,0.00021671776
0.8205844384461918,1.0,0.0002166
0.8220866095528694,1.0,0.00021476197
0.822133552399953,1.0,0.00021475357
0.8225560380237061,1.0,0.00021396363
0.8226029808707899,1.0,0.00021394486
0.8233071235770449,1.0,0.00021325039
0.8233540664241287,1.0,0.00021318675
0.8239643234362164,1.0,0.00021230476
0.8240347377068419,1.0,0.00021229201
0.8247623518366389,1.0,0.00021179122
0.8248327661072644,1.0,0.0002117553
0.8249735946485154,1.0,0.00021170158
0.8250674803426827,1.0,0.0002116816
0.825748151625396,1.0,0.00021118227
0.8257950944724798,1.0,0.0002111563
0.8278136368970778,1.0,0.00020900102
0.8278605797441615,1.0,0.00020897052
0.8282830653679145,1.0,0.00020857541
0.8284004224856237,1.0,0.00020856208
0.8292923365802136,1.0,0.00020743502
0.8293392794272972,1.0,0.00020739526
0.8308179791104331,1.0,0.00020534007
0.8308649219575167,1.0,0.00020533301
0.8313578218518953,1.0,0.00020493557
0.831404764698979,1.0,0.00020488535
0.8316160075108555,1.0,0.00020473459
0.8316629503579392,1.0,0.00020471995
0.8323436216406525,1.0,0.00020393444
0.8323905644877362,1.0,0.00020393093
0.8336814927825372,1.0,0.00020236972
0.833728435629621,1.0,0.0002023649
0.8344795211829598,1.0,0.00020157361
0.8345734068771271,1.0,0.00020154595
0.8361225208308883,1.0,0.00020032686
0.8361929351015139,1.0,0.00020030394
0.8365215350310996,1.0,0.00020009931
0.8365684778781833,1.0,0.00020008556
0.8371317920431874,1.0,0.00019926083
0.8371787348902711,1.0,0.00019924487
0.8387982631146579,1.0,0.00019781361
0.8388452059617416,1.0,0.00019778703
0.8398544771740406,1.0,0.00019665046
0.8399014200211243,1.0,0.00019659218
0.8400422485623753,1.0,0.0001962122
0.840089191409459,1.0,0.0001962079
0.8433517192817744,1.0,0.00019260876
0.8433986621288582,1.0,0.00019250721
0.8441966905292806,1.0,0.00019179362
0.8442436333763643,1.0,0.0001917927
0.8445957047294919,1.0,0.00019109793
0.8446426475765755,1.0,0.00019106278
0.8470602042013848,1.0,0.00018849544
0.8471071470484685,1.0,0.00018846561
0.8472245041661777,1.0,0.00018821869
0.8472714470132614,1.0,0.00018816988
0.848773618119939,1.0,0.00018674426
0.8488205609670226,1.0,0.0001866597
0.8493369322849431,1.0,0.00018601138
0.8493838751320267,1.0,0.00018600606
0.8499471892970308,1.0,0.00018545761
0.8499941321441146,1.0,0.00018545124
0.8501584321089074,1.0,0.00018528773
0.8502053749559911,1.0,0.0001852699
0.8528107029691351,1.0,0.0001826562
0.8528576458162187,1.0,0.00018261003
0.8530688886280953,1.0,0.0001825089
0.8531393028987208,1.0,0.00018249045
0.8533036028635137,1.0,0.00018241983
0.8533505457105973,1.0,0.00018241147
0.8566130735829128,1.0,0.00017922746
0.8566600164299965,1.0,0.0001792249
0.8571294449008332,1.0,0.00017881676
0.8572233305950006,1.0,0.00017881334
0.8575754019481282,1.0,0.00017843797
0.8576223447952118,1.0,0.00017839542
0.8598756014552282,1.0,0.00017641445
0.859922544302312,1.0,0.00017636249
0.8603919727731487,1.0,0.00017594192
0.8604389156202323,1.0,0.00017593805
0.8604858584673161,1.0,0.00017589344
0.8605328013143997,1.0,0.00017588504
0.860626687008567,1.0,0.00017580575
0.8606736298556508,1.0,0.0001758039
0.8608144583969017,1.0,0.00017570468
0.8608614012439855,1.0,0.0001757025
0.8608848726675273,1.0,0.00017569965
0.8609552869381528,1.0,0.0001756871
0.8614716582560732,1.0,0.00017525694
0.8615420725266988,1.0,0.00017524658
0.8616594296444079,1.0,0.00017508406
0.8617063724914916,1.0,0.00017506637
0.8624339866212886,1.0,0.00017439894
0.862504400891914,1.0,0.00017435172
0.8629268865156672,1.0,0.00017380728
0.8629738293627508,1.0,0.00017380048
0.8647811289754723,1.0,0.00017216132
0.8648515432460979,1.0,0.00017214689
0.8674568712592419,1.0,0.0001694728
0.8675038141063256,1.0,0.00016947232
0.8680905996948715,1.0,0.00016906751
0.8681375425419552,1.0,0.00016905543
0.8691468137542542,1.0,0.00016820277
0.8691937566013379,1.0,0.00016816347
0.8702969135078042,1.0,0.00016691152
0.870343856354888,1.0,0.00016684485
0.870484684896139,1.0,0.00016671668
0.8705316277432227,1.0,0.00016671127
0.8710949419082268,1.0,0.0001662403
0.8711653561788523,1.0,0.00016619069
0.8717286703438564,1.0,0.00016568089
0.87177561319094,1.0,0.00016567078
0.8723154559324023,1.0,0.00016519046
0.8723858702030278,1.0,0.00016517659
0.8729491843680319,1.0,0.00016464072
0.8729961272151155,1.0,0.00016463663
0.8730195986386574,1.0,0.00016463491
0.8730665414857411,1.0,0.00016463271
0.8731134843328248,1.0,0.0001644493
0.8731604271799085,1.0,0.00016444021
0.8735594413801197,1.0,0.00016412363
0.8736063842272034,1.0,0.00016409061
0.873653327074287,1.0,0.00016407778
0.8737002699213707,1.0,0.00016403476
0.8747564839807535,1.0,0.00016310815
0.8748034268278371,1.0,0.0001630979
0.875390212416383,1.0,0.00016242915
0.8754371552634668,1.0,0.00016241723
0.8755779838047177,1.0,0.00016225006
0.8756249266518015,1.0,0.00016223258
0.8793568829949536,1.0,0.00015889674
0.8794038258420374,1.0,0.0001588919
0.8821499823964324,1.0,0.00015647455
0.882196925243516,1.0,0.00015645799
0.8829949536439385,1.0,0.00015590161
0.8830418964910222,1.0,0.00015587383
0.8847318389860345,1.0,0.00015431276
0.8847787818331182,1.0,0.00015430688
0.8849196103743692,1.0,0.00015419509
0.8849665532214529,1.0,0.00015418464
0.8854829245393733,1.0,0.00015377853
0.885529867386457,1.0,0.0001537495
0.8857176387747917,1.0,0.0001535097
0.8857645816218753,1.0,0.0001535075
0.8868677385283418,1.0,0.000152386
0.8869146813754254,1.0,0.00015235244
0.8883229667879357,1.0,0.00015095627
0.8883699096350194,1.0,0.00015090978
0.8905058091773266,1.0,0.00014916697
0.8905996948714939,1.0,0.0001491465
0.8920079802840042,1.0,0.00014799177
0.8920549231310879,1.0,0.0001479558
0.8920783945546298,1.0,0.00014792745
0.8921253374017134,1.0,0.00014791432
0.8932284943081797,1.0,0.00014684055
0.8932754371552635,1.0,0.0001468355
0.8937213942025584,1.0,0.0001464986
0.8937918084731838,1.0,0.00014649371
0.8948714939561084,1.0,0.00014527501
0.8949184368031922,1.0,0.00014525175
0.8959981222861166,1.0,0.00014438744
0.8960450651332004,1.0,0.00014435261
0.8969369792277901,1.0,0.00014354168
0.8969839220748739,1.0,0.00014353894
0.8972655791573759,1.0,0.00014326684
0.8973125220044595,1.0,0.00014321726
0.8977584790517545,1.0,0.00014298323
0.8978054218988382,1.0,0.00014293361
0.8981105504048821,1.0,0.00014264905
0.8981574932519657,1.0,0.00014264131
0.8983217932167586,1.0,0.00014243105
0.8983922074873841,1.0,0.00014239342
0.8990494073465556,1.0,0.00014176413
0.8990963501936392,1.0,0.00014172682
0.8993075930055158,1.0,0.00014155639
0.8993780072761413,1.0,0.00014154598
0.8994718929703086,1.0,0.00014148877
0.8995188358173923,1.0,0.0001414769
0.9002229785236474,1.0,0.00014091426
0.9002699213707311,1.0,0.00014089693
0.9014200211242812,1.0,0.00013983515
0.9014669639713648,1.0,0.00013982448
0.9017720924774087,1.0,0.0001395887
0.9018190353244925,1.0,0.00013958177
0.9027109494190823,1.0,0.00013896755
0.9029221922309588,1.0,0.00013896423
0.9029456636545007,1.0,0.00013892555
0.9029926065015843,1.0,0.00013891548
0.9044008919140946,1.0,0.00013777308
0.9044478347611783,1.0,0.00013774825
0.904917263232015,1.0,0.00013726509
0.9049642060790987,1.0,0.0001372516
0.9052693345851426,1.0,0.00013711791
0.9053162774322263,1.0,0.00013710994
0.9056918202088957,1.0,0.00013680043
0.9057387630559793,1.0,0.00013670954
0.906231662950358,1.0,0.0001362673
0.9062786057974416,1.0,0.00013624287
0.906654148574111,1.0,0.00013592963
0.9067010914211947,1.0,0.00013592547
0.908250205374956,1.0,0.00013442681
0.9082971482220397,1.0,0.00013441092
0.9102452763760122,1.0,0.00013255126
0.9103156906466378,1.0,0.00013254
0.9109259476587255,1.0,0.00013206138
0.9110433047764347,1.0,0.00013205495
0.9122168759535266,1.0,0.00013094224
0.9122638188006102,1.0,0.00013088007
0.9143058326487501,1.0,0.0001287892
0.9144231897664593,1.0,0.0001287385
0.9164417321910574,1.0,0.00012688819
0.9165356178852248,1.0,0.00012683847
0.917662246215233,1.0,0.00012587314
0.9177326604858584,1.0,0.00012586868
0.9184133317685718,1.0,0.00012518045
0.9184602746156555,1.0,0.00012517985
0.9193287172867034,1.0,0.00012457625
0.9193756601337871,1.0,0.00012456947
0.9203379884990025,1.0,0.00012351382
0.9203849313460861,1.0,0.00012348768
0.9204553456167116,1.0,0.00012338188
0.9205257598873372,1.0,0.00012337598
0.9217697453350546,1.0,0.0001221641
0.9220748738410984,1.0,0.00012211589
0.9232249735946485,1.0,0.0001211226
0.9232719164417322,1.0,0.000121091645
0.9239291163009037,1.0,0.000120609955
0.9239760591479873,1.0,0.0001205965
0.924023001995071,1.0,0.00012056937
0.9240699448421547,1.0,0.00012056741
0.9262997300786293,1.0,0.000118425836
0.9263466729257129,1.0,0.00011838157
0.9265813871611314,1.0,0.000118229735
0.926628330008215,1.0,0.00011816705
0.9272855298673864,1.0,0.00011778334
0.9273324727144702,1.0,0.00011776829
0.9308062433986621,1.0,0.00011454409
0.9308531862457458,1.0,0.00011449473
0.9314399718342917,1.0,0.000113941016
0.9316277432226264,1.0,0.00011393688
0.9319094003051285,1.0,0.00011377403
0.9319563431522122,1.0,0.0001137686
0.9322849430817979,1.0,0.00011351514
0.9323788287759652,1.0,0.000113459086
0.9327778429761765,1.0,0.000113125156
0.9328247858232602,1.0,0.00011307328
0.9338105856120174,1.0,0.00011246003
0.9338809998826428,1.0,0.0001124491
0.9360168994249501,1.0,0.00011072926
0.9360638422720338,1.0,0.00011072219
0.9374486562610023,1.0,0.00010985037
0.9374955991080859,1.0,0.000109849854
0.9436685834995893,1.0,0.00010374998
0.9437155263466729,1.0,0.0001037395
0.9456401830771036,1.0,0.00010208079
0.9456871259241874,1.0,0.00010205918
0.9463443257833588,1.0,0.000101618505
0.9463912686304424,1.0,0.00010156318
0.9472597113014904,1.0,0.000100574165
0.9473301255721159,1.0,0.0001005456
0.9474944255369088,1.0,0.00010032579
0.9476821969252435,1.0,0.000100317855
0.9484098110550405,1.0,9.943726e-05
0.9484567539021241,1.0,9.936674e-05
0.9485271681727496,1.0,9.931208e-05
0.9485741110198334,1.0,9.9286044e-05
0.9487149395610843,1.0,9.9150464e-05
0.9487618824081681,1.0,9.909044e-05
0.9489965966435865,1.0,9.891248e-05
0.949067010914212,1.0,9.8911354e-05
0.9502875249383875,1.0,9.7752214e-05
0.950357939209013,1.0,9.773423e-05
0.9515784532331886,1.0,9.671589e-05
0.9516253960802723,1.0,9.668472e-05
0.9534796385400774,1.0,9.494495e-05
0.9535265813871612,1.0,9.494169e-05
0.9547236239877949,1.0,9.381565e-05
0.9547705668348785,1.0,9.378979e-05
0.9554981809646755,1.0,9.280689e-05
0.9555451238117592,1.0,9.278203e-05
0.9569768806478113,1.0,9.1685004e-05
0.957023823494895,1.0,9.161256e-05
0.958033094707194,1.0,9.0680216e-05
0.9580800375542776,1.0,9.066699e-05
0.958173923248445,1.0,9.061461e-05
0.9618119938974299,1.0,8.7483975e-05
0.9618589367445135,1.0,8.747129e-05
0.9628916793803545,1.0,8.6502696e-05
0.9630325079216054,1.0,8.6500884e-05
0.9633376364276494,1.0,8.627945e-05
0.963384579274733,1.0,8.6261425e-05
0.964253021945781,1.0,8.557648e-05
0.9642999647928647,1.0,8.5550695e-05
0.9667879356882995,1.0,8.33058e-05
0.966999178500176,1.0,8.327578e-05
0.9678206783241403,1.0,8.248803e-05
0.967867621171224,1.0,8.248552e-05
0.9708250205374956,1.0,7.912589e-05
0.9708954348081211,1.0,7.909926e-05
0.970918906231663,1.0,7.909459e-05
0.9709658490787466,1.0,7.909437e-05
0.9732660485858468,1.0,7.6273e-05
0.973383405703556,1.0,7.625889e-05
0.9741344912568948,1.0,7.538726e-05
0.9741814341039784,1.0,7.538496e-05
0.9757540194812815,1.0,7.331592e-05
0.9758009623283652,1.0,7.321594e-05
0.9761999765285765,1.0,7.260896e-05
0.9763173336462857,1.0,7.259878e-05
0.9764346907639948,1.0,7.252397e-05
0.9765285764581622,1.0,7.249245e-05
0.9769745335054572,1.0,7.2109244e-05
0.9770214763525408,1.0,7.2070536e-05
0.9770918906231663,1.0,7.198036e-05
0.97713883347025,1.0,7.1960865e-05
0.9777960333294214,1.0,7.1121336e-05
0.9778429761765051,1.0,7.1099836e-05
0.978007276141298,1.0,7.072008e-05
0.9780542189883816,1.0,7.065113e-05
0.9799554042952705,1.0,6.866439e-05
0.9800023471423542,1.0,6.860613e-05
0.9805656613073583,1.0,6.765222e-05
0.980612604154442,1.0,6.7571236e-05
0.9811524468959042,1.0,6.682719e-05
0.9811993897429879,1.0,6.6820176e-05
0.9812463325900715,1.0,6.679215e-05
0.9813167468606971,1.0,6.675185e-05
0.9815749325196573,1.0,6.645612e-05
0.981621875366741,1.0,6.642128e-05
0.9817157610609083,1.0,6.635303e-05
0.9817861753315339,1.0,6.63331e-05
0.9818331181786175,1.0,6.633076e-05
0.9822790752259124,1.0,6.604812e-05
0.9823729609200798,1.0,6.598743e-05
0.9824199037671635,1.0,6.59488e-05
0.9825842037319563,1.0,6.58426e-05
0.9826780894261237,1.0,6.584242e-05
0.9830536322027931,1.0,6.533255e-05
0.9831005750498768,1.0,6.531162e-05
0.9831240464734187,1.0,6.530788e-05
0.9831944607440442,1.0,6.529761e-05
0.9841098462621758,1.0,6.4173604e-05
0.9841567891092595,1.0,6.416981e-05
0.984649689003638,1.0,6.382488e-05
0.9846966318507218,1.0,6.38155e-05
0.9854007745569768,1.0,6.2876425e-05
0.9854477174040606,1.0,6.286294e-05
0.98697335993428,1.0,6.104424e-05
0.9870907170519893,1.0,6.103952e-05
0.9889449595117944,1.0,5.860948e-05
0.988991902358878,1.0,5.8545244e-05
0.9895552165238821,1.0,5.7578305e-05
0.9896256307945077,1.0,5.756902e-05
0.9898368736063843,1.0,5.7278197e-05
0.9898838164534679,1.0,5.7277644e-05
0.9905175448890975,1.0,5.6421803e-05
0.9905644877361812,1.0,5.640281e-05
0.9928412158197395,1.0,5.2583284e-05
0.9928881586668231,1.0,5.2557363e-05
0.9935218871024528,1.0,5.1480885e-05
0.9935688299495364,1.0,5.1385094e-05
0.9939678441497477,1.0,5.058549e-05
0.9940147869968313,1.0,5.0574974e-05
0.9942964440793334,1.0,4.992067e-05
0.9943903297735007,1.0,4.9916147e-05
0.9973477291397723,1.0,4.2247695e-05
0.997394671986856,1.0,4.2237825e-05
0.9975120291045652,1.0,4.1505562e-05
0.9975589719516489,1.0,4.1404597e-05
0.9981457575401949,1.0,3.9064624e-05
0.998263114657904,1.0,3.897156e-05
0.998403943199155,1.0,3.873417e-05
0.9984743574697805,1.0,3.871512e-05
0.9985917145874897,1.0,3.755592e-05
0.9986621288581152,1.0,3.7518406e-05
0.9990376716347846,1.0,3.5512232e-05
0.9990846144818684,1.0,3.549798e-05
0.9991785001760357,1.0,3.4624412e-05
0.9992254430231193,1.0,3.4361492e-05
0.9995071001056214,1.0,3.132857e-05
0.9995540429527051,1.0,3.1307005e-05
0.9998826428822908,1.0,2.2905826e-05
0.9999295857293745,1.0,1.9943127e-05
1.0,1.0,1.692374e-05
